{"cameraMode":{"drawMode":0,"name":"Shaded","section":"Shading Mode"},"sceneLighting":false,"audioPlay":false,"sceneViewState":{"showFog":true,"showMaterialUpdate":false,"showSkybox":false,"showFlares":true,"showImageEffects":true,"showParticleSystems":true},"in2DMode":false,"pivot":{"x":-3.0299999713897707,"y":0.8399999141693115,"z":-0.25999999046325686},"rotation":{"x":0.22872154414653779,"y":-0.15977662801742555,"z":0.03808531537652016,"w":0.9595364928245544},"size":5.715766906738281,"orthographic":false}