{"cameraMode":{"drawMode":0,"name":"Shaded","section":"Shading Mode"},"sceneLighting":false,"audioPlay":false,"sceneViewState":{"showFog":true,"showMaterialUpdate":false,"showSkybox":false,"showFlares":true,"showImageEffects":true,"showParticleSystems":true},"in2DMode":false,"pivot":{"x":2.8443779945373537,"y":0.3077131509780884,"z":0.8919522762298584},"rotation":{"x":-0.4225790202617645,"y":0.15585507452487946,"z":-0.07402563840150833,"w":-0.8897579908370972},"size":3.8133432865142824,"orthographic":false}