{"cameraMode":{"drawMode":0,"name":"Shaded","section":"Shading Mode"},"sceneLighting":true,"audioPlay":false,"sceneViewState":{"showFog":true,"showMaterialUpdate":false,"showSkybox":true,"showFlares":true,"showImageEffects":true,"showParticleSystems":true},"in2DMode":false,"pivot":{"x":0.08959858119487763,"y":-1.078919768333435,"z":0.06392407417297363},"rotation":{"x":0.22080527245998383,"y":0.04679472744464874,"z":-0.010611151345074177,"w":0.9741478562355042},"size":7.234914779663086,"orthographic":false}