{"cameraMode":{"drawMode":0,"name":"Shaded","section":"Shading Mode"},"sceneLighting":false,"audioPlay":false,"sceneViewState":{"showFog":true,"showMaterialUpdate":false,"showSkybox":false,"showFlares":true,"showImageEffects":true,"showParticleSystems":true},"in2DMode":false,"pivot":{"x":5.757326126098633,"y":-0.2375403493642807,"z":1.0829963684082032},"rotation":{"x":0.2616367042064667,"y":-0.17683883011341096,"z":0.048825863748788837,"w":0.9475785493850708},"size":3.7587454319000246,"orthographic":false}