{"cameraMode":{"drawMode":0,"name":"Shaded","section":"Shading Mode"},"sceneLighting":true,"audioPlay":false,"sceneViewState":{"showFog":true,"showMaterialUpdate":false,"showSkybox":true,"showFlares":true,"showImageEffects":true,"showParticleSystems":true},"in2DMode":false,"pivot":{"x":-2.6980974674224855,"y":-1.2002193927764893,"z":3.626527786254883},"rotation":{"x":0.16161219775676728,"y":-0.383840411901474,"z":0.06838857382535935,"w":0.9065911173820496},"size":6.6267805099487309,"orthographic":false}