{"cameraMode":{"drawMode":0,"name":"Shaded","section":"Shading Mode"},"sceneLighting":false,"audioPlay":false,"sceneViewState":{"showFog":true,"showMaterialUpdate":false,"showSkybox":false,"showFlares":true,"showImageEffects":true,"showParticleSystems":true},"in2DMode":false,"pivot":{"x":7.244183540344238,"y":-0.002715066075325012,"z":-2.854922294616699},"rotation":{"x":-0.21321627497673036,"y":0.06823693960905075,"z":-0.01492758747190237,"w":-0.9745141863822937},"size":3.032132148742676,"orthographic":false}