{"cameraMode":{"drawMode":0,"name":"Shaded","section":"Shading Mode"},"sceneLighting":true,"audioPlay":false,"sceneViewState":{"showFog":true,"showMaterialUpdate":false,"showSkybox":true,"showFlares":true,"showImageEffects":true,"showParticleSystems":true},"in2DMode":false,"pivot":{"x":0.306114137172699,"y":1.1254634857177735,"z":-2.2395503520965578},"rotation":{"x":0.14307065308094026,"y":0.19315481185913087,"z":-0.028475496917963029,"w":0.9702820777893066},"size":6.451176643371582,"orthographic":false}