{"cameraMode":{"drawMode":0,"name":"Shaded","section":"Shading Mode"},"sceneLighting":true,"audioPlay":false,"sceneViewState":{"showFog":true,"showMaterialUpdate":false,"showSkybox":true,"showFlares":true,"showImageEffects":true,"showParticleSystems":true},"in2DMode":false,"pivot":{"x":1.9295194149017335,"y":-1.279238224029541,"z":3.875196933746338},"rotation":{"x":0.16488659381866456,"y":0.22994381189346314,"z":-0.03962058573961258,"w":0.95834881067276},"size":7.336909294128418,"orthographic":false}