{"cameraMode":{"drawMode":0,"name":"Shaded","section":"Shading Mode"},"sceneLighting":true,"audioPlay":false,"sceneViewState":{"showFog":true,"showMaterialUpdate":false,"showSkybox":true,"showFlares":true,"showImageEffects":true,"showParticleSystems":true},"in2DMode":false,"pivot":{"x":-0.8269966244697571,"y":-0.4176211357116699,"z":4.226605415344238},"rotation":{"x":0.1137583926320076,"y":-0.12336122989654541,"z":0.014237663708627224,"w":0.9857347011566162},"size":4.833353042602539,"orthographic":false}