{"cameraMode":{"drawMode":0,"name":"Shaded","section":"Shading Mode"},"sceneLighting":false,"audioPlay":false,"sceneViewState":{"showFog":true,"showMaterialUpdate":false,"showSkybox":false,"showFlares":true,"showImageEffects":true,"showParticleSystems":true},"in2DMode":false,"pivot":{"x":-0.44072723388671877,"y":0.3430001437664032,"z":1.4262542724609376},"rotation":{"x":0.2669751048088074,"y":-0.37834712862968447,"z":0.11489659547805786,"w":0.8788735270500183},"size":38.0341911315918,"orthographic":false}