{"cameraMode":{"drawMode":0,"name":"Shaded","section":"Shading Mode"},"sceneLighting":true,"audioPlay":false,"sceneViewState":{"showFog":true,"showMaterialUpdate":true,"showSkybox":true,"showFlares":true,"showImageEffects":true,"showParticleSystems":true},"in2DMode":false,"pivot":{"x":0.3470422625541687,"y":-0.23272746801376344,"z":0.19221818447113038},"rotation":{"x":0.19281812012195588,"y":0.09696530550718308,"z":-0.019152170047163965,"w":0.9762445688247681},"size":1.4607021808624268,"orthographic":false}