{"cameraMode":{"drawMode":0,"name":"Shaded","section":"Shading Mode"},"sceneLighting":false,"audioPlay":false,"sceneViewState":{"showFog":true,"showMaterialUpdate":false,"showSkybox":false,"showFlares":true,"showImageEffects":true,"showParticleSystems":true},"in2DMode":false,"pivot":{"x":-0.13999998569488526,"y":-0.9645400643348694,"z":-0.959999680519104},"rotation":{"x":0.16258320212364198,"y":-0.6895260810852051,"z":0.1632673740386963,"w":0.686633825302124},"size":9.097336769104004,"orthographic":false}