{"cameraMode":{"drawMode":0,"name":"Shaded","section":"Shading Mode"},"sceneLighting":true,"audioPlay":false,"sceneViewState":{"showFog":true,"showMaterialUpdate":false,"showSkybox":true,"showFlares":true,"showImageEffects":true,"showParticleSystems":true},"in2DMode":false,"pivot":{"x":0.7917338609695435,"y":-0.45912909507751467,"z":0.6087387800216675},"rotation":{"x":0.1892382651567459,"y":0.15684039890766145,"z":-0.030688004568219186,"w":0.9688762426376343},"size":5.404061317443848,"orthographic":false}