{"cameraMode":{"drawMode":0,"name":"Shaded","section":"Shading Mode"},"sceneLighting":false,"audioPlay":false,"sceneViewState":{"showFog":true,"showMaterialUpdate":false,"showSkybox":false,"showFlares":true,"showImageEffects":true,"showParticleSystems":true},"in2DMode":false,"pivot":{"x":7.450580596923828e-9,"y":0.13753174245357514,"z":0.0},"rotation":{"x":0.39484429359436037,"y":-3.3016582801081997e-9,"z":-3.613439547578423e-9,"w":0.9187480211257935},"size":0.4916657507419586,"orthographic":false}