{"cameraMode":{"drawMode":0,"name":"Shaded","section":"Shading Mode"},"sceneLighting":true,"audioPlay":false,"sceneViewState":{"showFog":true,"showMaterialUpdate":false,"showSkybox":true,"showFlares":true,"showImageEffects":true,"showParticleSystems":true},"in2DMode":false,"pivot":{"x":0.08959858119487763,"y":-1.078919768333435,"z":0.06392407417297363},"rotation":{"x":0.26891186833381655,"y":0.03033342771232128,"z":-0.008477899245917797,"w":0.9626604914665222},"size":5.486804962158203,"orthographic":false}